{
"error_rate": 0.0, 
        "lambdas": [
          4.8037118692332, 
          3.774395883144015, 
          2.16386705795258, 
          9.77537262022236, 
          8.042700149381353, 
          4.0775692729806075, 
          6.132934707734313, 
          12.352262530837521, 
          12.350217301165902, 
          16.36681305079347, 
          16.612401929853668, 
          7.16720419474618, 
          15.757703297904644, 
          2.1856350326153384, 
          10.087266528990705, 
          2.6614550758926594, 
          17.813952607891057, 
          4.734075205178902, 
          17.53226772189352, 
          5.752631422902073, 
          6.3155451225162285, 
          1.4433723297886307, 
          8.32539214047577, 
          9.555367662686963, 
          8.637761870085312, 
          7.222696617920808, 
          2.1472827345045933, 
          10.318689455238376, 
          6.199868494644434, 
          17.43442531437856, 
          21.598405702220866, 
          16.253533689394715, 
          5.689833836400306, 
          5.28970853951767, 
          8.576754769731743, 
          5.114563229978777, 
          6.121276243316735, 
          2.0064878670401116, 
          7.625695338645858, 
          9.539692358200679, 
          5.359031711480034, 
          3.4299498810771585, 
          10.540742763124879, 
          10.402755006442185, 
          0.0, 
          5.14567306759212, 
          3.001269105643655, 
          7.203276043642764, 
          1.5338331581250149, 
          12.85822624832324, 
          7.530947160776042, 
          16.512804556702825, 
          2.6842606170232357, 
          11.75407392057102, 
          6.83315878881419, 
          4.200074222353575, 
          0.0, 
          14.406174760698255, 
          8.251896085502425, 
          3.7311141750603367, 
          14.709724852688328, 
          9.78400302679416, 
          12.098531616372458, 
          7.041151146392466, 
          5.015072351910426, 
          3.067097135461908, 
          10.213300308845517, 
          1.203608861293209, 
          7.621124043694245, 
          11.85537784978783, 
          17.93213013230652, 
          15.512251724344113, 
          5.363539068549153, 
          22.53851936544256, 
          12.301209932016281, 
          15.496558399858198, 
          13.670019262776856, 
          7.68588019690746, 
          11.480561145281401, 
          6.284014184475258, 
          29.501318033217238, 
          5.122094191800344, 
          6.77668754510857, 
          16.56591686583434, 
          16.836219902624798, 
          11.45698985284664, 
          14.872431059955986, 
          5.391899949781347, 
          11.534112881140155, 
          12.078429473660206, 
          16.18875448997606, 
          9.949273766015503, 
          14.798093758415444, 
          10.699127642107099, 
          26.782655109834263, 
          17.5182417587736, 
          13.259452812629984, 
          15.628556459623175, 
          3.524469639387315, 
          25.07442484097351
        ], 
        "mus": [
          1409.7744360902257, 
          2884.6153846153848, 
          3378.3783783783783, 
          1893.939393939394, 
          1288.659793814433, 
          3787.878787878788, 
          4076.086956521739, 
          2358.490566037736, 
          1297.5778546712802, 
          2300.6134969325153, 
          3000.0, 
          3947.3684210526317, 
          2906.9767441860463, 
          3073.7704918032787, 
          2862.5954198473282, 
          4076.086956521739, 
          1415.0943396226414, 
          3826.530612244898, 
          2862.5954198473282, 
          935.1620947630922, 
          2329.192546583851, 
          1644.7368421052631, 
          1820.388349514563, 
          2314.814814814815, 
          1431.2977099236641, 
          862.0689655172414, 
          2232.1428571428573, 
          2976.190476190476, 
          3099.1735537190084, 
          3177.9661016949153, 
          3125.0, 
          3640.776699029126, 
          1556.0165975103735, 
          3073.7704918032787, 
          3906.25, 
          2840.909090909091, 
          1198.0830670926518, 
          1903.5532994923858, 
          3947.3684210526317, 
          2533.7837837837837, 
          3318.5840707964603, 
          2192.9824561403507, 
          1829.2682926829268, 
          3537.735849056604, 
          3260.8695652173915, 
          2343.75, 
          976.5625, 
          2005.3475935828876, 
          1258.3892617449665, 
          1777.2511848341233, 
          876.1682242990654, 
          2435.064935064935, 
          4120.879120879121, 
          2640.845070422535, 
          3232.7586206896553, 
          2467.1052631578946, 
          2083.3333333333335, 
          2358.490566037736, 
          3125.0, 
          2840.909090909091, 
          1802.8846153846155, 
          2483.4437086092717, 
          1811.5942028985507, 
          1279.863481228669, 
          1752.3364485981308, 
          3000.0, 
          4166.666666666667, 
          751.503006012024, 
          3537.735849056604, 
          1913.265306122449, 
          460.1226993865031, 
          551.4705882352941, 
          563.9097744360902, 
          348.51301115241637, 
          412.9955947136564, 
          474.0834386852086, 
          586.8544600938967, 
          363.02032913843175, 
          722.543352601156, 
          482.6254826254826, 
          493.42105263157896, 
          383.82804503582395, 
          484.49612403100775, 
          573.394495412844, 
          412.54125412541254, 
          585.0234009360374, 
          398.0891719745223, 
          344.3526170798898, 
          416.6666666666667, 
          426.1363636363636, 
          451.8072289156627, 
          559.7014925373135, 
          368.00785083415116, 
          539.568345323741, 
          340.90909090909093, 
          540.3458213256484, 
          391.0323253388947, 
          492.772667542707, 
          582.2981366459627, 
          441.1764705882353
        ], 
        "prio_probs": [
          0.769230769230769, 
          0.5917159763313607, 
          0.45516613563950814, 
          0.3501277966457754, 
          0.2693290743429041, 
          0.2071762110330031, 
          0.15936631617923314, 
          0.12258947398402542, 
          0.09429959537232724
        ], 
        "priorities": [
          7, 
          2, 
          0, 
          2, 
          2, 
          0, 
          0, 
          3, 
          4, 
          2, 
          5, 
          0, 
          7, 
          0, 
          1, 
          5, 
          8, 
          0, 
          7, 
          3, 
          1, 
          2, 
          4, 
          2, 
          4, 
          4, 
          1, 
          3, 
          1, 
          4, 
          7, 
          3, 
          2, 
          1, 
          7, 
          0, 
          8, 
          3, 
          0, 
          3, 
          3, 
          6, 
          4, 
          8, 
          8, 
          1, 
          2, 
          4, 
          0, 
          5, 
          4, 
          5, 
          0, 
          6, 
          6, 
          3, 
          8, 
          3, 
          0, 
          4, 
          5, 
          1, 
          7, 
          6, 
          1, 
          1, 
          2, 
          5, 
          1, 
          2, 
          8, 
          8, 
          7, 
          7, 
          8, 
          8, 
          3, 
          6, 
          6, 
          5, 
          6, 
          7, 
          4, 
          6, 
          5, 
          5, 
          8, 
          4, 
          6, 
          5, 
          7, 
          6, 
          6, 
          7, 
          8, 
          5, 
          3, 
          2, 
          1, 
          8
        ],