{
        "error_rate": 0.01, 
        "lambdas": [
          1.0, 
          2.0, 
          1.0, 
          1.0, 
          3.0, 
          2.0, 
          2.0, 
          2.0, 
          1.0, 
          2.0, 
          2.0, 
          1.0, 
          1.0, 
          1.0, 
          0.0, 
          0.2, 
          0.4, 
          0.8, 
          0.4, 
          0.2
        ], 
        "mus": [
          33.78378378378378, 
          2.3773297831875237, 
          6.28140703517588, 
          2.7132624267419145, 
          6.745817593092283, 
          10.187449062754686, 
          2.080905610121525, 
          3.940731399747793, 
          23.80952380952381, 
          9.549274255156607, 
          4.314808422506041, 
          10.245901639344263, 
          3.6012676462114666, 
          12.537612838515546, 
          1.828287260494369, 
          0.5109548724656638, 
          0.775819265143992, 
          1.271746871502696, 
          1.1218811703464369, 
          1.2926577042399172
        ], 
        "prio_probs": [
          0.2, 
          0.02, 
          0.02
        ], 
        "priorities": [
          2, 
          0, 
          0, 
          0, 
          0, 
          2, 
          2, 
          2, 
          2, 
          2, 
          0, 
          2, 
          0, 
          0, 
          2, 
          2, 
          0, 
          0, 
          0, 
          0
        ], 
        "subscriptions": [
          1, 
          2, 
          3, 
          4, 
          10, 
          12, 
          13, 
          16, 
          17, 
          18, 
          19
        ]
      }