{"error_rate": 0.0, 
"subscriptions": [0, 1, 3, 5, 10, 12, 13, 14, 15, 18, 23, 26, 29, 31, 32, 33, 35, 36, 38, 40, 42, 43, 46, 47, 48, 49, 50, 51, 54, 57, 58, 59, 64, 65, 66, 96, 97, 98, 99, 73, 74, 76, 80, 83, 84, 89, 90, 93, 94, 95], 
"priorities": [2, 2, 0, 2, 0, 0, 2, 0, 2, 0, 2, 0, 0, 2, 0, 2, 2, 2, 0, 2, 2, 2, 2, 2, 2, 0, 2, 2, 2, 2, 2, 0, 0, 0, 2, 2, 2, 2, 2, 2, 2, 0, 0, 2, 0, 2, 2, 2, 2, 0, 2, 2, 2, 0, 2, 2, 0, 2, 0, 0, 2, 2, 2, 2, 2, 2, 2, 2, 2, 2, 0, 0, 0, 2, 2, 2, 0, 0, 2, 2, 2, 0, 0, 2, 0, 2, 0, 2, 2, 2, 2, 0, 0, 2, 2, 2, 2, 2, 0, 0], 
"mus": [36.76470588235294, 41.666666666666664, 17.6056338028169, 26.595744680851062, 1250.0, 96.15384615384616, 69.44444444444444, 312.5, 35.714285714285715, 65.78947368421052, 18.115942028985508, 83.33333333333333, 26.041666666666668, 19.53125, 44.642857142857146, 69.44444444444444, 65.78947368421052, 24.50980392156863, 44.642857142857146, 30.48780487804878, 13.58695652173913, 208.33333333333334, 37.878787878787875, 16.666666666666668, 416.6666666666667, 36.76470588235294, 13.020833333333334, 104.16666666666667, 59.523809523809526, 14.705882352941176, 33.78378378378378, 12.5, 113.63636363636364, 22.321428571428573, 59.523809523809526, 625.0, 208.33333333333334, 41.666666666666664, 20.833333333333332, 17.857142857142858, 156.25, 46.2962962962963, 23.58490566037736, 41.666666666666664, 16.666666666666668, 78.125, 30.48780487804878, 54.34782608695652, 416.6666666666667, 40.32258064516129, 89.28571428571429, 34.72222222222222, 30.48780487804878, 83.33333333333333, 14.044943820224718, 14.044943820224718, 113.63636363636364, 26.595744680851062, 250.0, 156.25, 59.523809523809526, 96.15384615384616, 83.33333333333333, 178.57142857142858, 12.626262626262626, 16.44736842105263, 62.5, 312.5, 26.041666666666668, 104.16666666666667, 14.204545454545455, 13.736263736263735, 21.551724137931036, 250.0, 39.0625, 26.041666666666668, 46.2962962962963, 104.16666666666667, 52.083333333333336, 13.297872340425531, 29.761904761904763, 15.625, 17.6056338028169, 27.17391304347826, 78.125, 37.878787878787875, 69.44444444444444, 17.6056338028169, 27.77777777777778, 62.5, 32.05128205128205, 78.125, 16.233766233766232, 44.642857142857146, 21.92982456140351, 15.432098765432098, 28.40909090909091, 26.595744680851062, 14.367816091954023, 30.48780487804878], 
"lambdas": [0.0, 0.0, 0.0, 0.0, 0.0, 0.0, 0.0, 1.205333543301221, 0.0, 0.0, 0.0, 0.0, 0.0, 0.0, 0.0, 0.0, 0.0, 2.384827544063461, 0.0, 0.0, 2.8281661386259147, 0.0, 0.0, 0.0, 0.0, 0.0, 0.0, 0.25354954956172426, 0.0, 0.0, 0.0, 0.8958614801996759, 1.515243172355165, 0.5586060911578271, 1.4094060643848225, 0.0, 0.0, 0.0, 0.0, 0.0, 0.46266442165929655, 0.0, 0.7934174718975509, 0.0, 0.0, 0.0, 0.0, 0.0, 0.0, 0.0, 0.0, 0.0, 2.1230672218517235, 0.0, 0.0, 0.0, 0.7220564932855464, 0.0, 0.0, 3.4150201448537225, 0.0, 0.0, 2.8171950628942746, 0.7470488162766029, 1.4281510706984726, 0.9677411302988491, 0.0, 0.0, 0.0, 0.0, 0.0, 0.0, 9.06087658060019, 0.0, 0.0, 6.28900940753778, 6.308473672355117, 0.0, 2.423912971379921, 0.0, 0.0, 0.0, 10.473710261230968, 0.0, 7.621156174213881, 0.0, 6.286922365600622, 9.40847340783173, 0.0, 0.0, 0.0, 0.0, 0.0, 0.0, 1.6454568342447344, 0.0, 0.0, 0.0, 0.0, 0.0]
"prio_probs": [1.0,0.5,0.5]
}