{

        "error_rate": 0.0, 

        "lambdas": [

          6.0, 

          6.0, 

          6.0, 

          6.0, 

          6.0, 

          6.0, 

          6.0, 

          6.0, 

          6.0, 

          6.0, 

          6.0, 

          6.0, 

          6.0, 

          6.0, 

          1.2, 

          1.2, 

          1.2, 

          1.2, 

          1.2, 

          1.2

        ], 

        "mus": [

          625.0, 

          625.0, 

          625.0, 

          625.0, 

          625.0, 

          625.0, 

          625.0, 

          625.0, 

          625.0, 

          625.0, 

          625.0, 

          625.0, 

          625.0, 

          625.0, 

          12.5, 

          12.5, 

          12.5, 

          12.5, 

          12.5, 

          12.5

        ], 

        "prio_probs": [

          0.8333333333333333, 

          0.6944444444444442, 

          0.5787037037037035, 

          0.48225308641975273, 

          0.4018775720164607, 

          0.3348979766803838, 

          0.27908164723365314, 

          0.2325680393613776, 

          0.1938066994678146

        ], 

        "priorities": [

          3, 

          0, 

          0, 

          6, 

          3, 

          7, 

          7, 

          6, 

          4, 

          4, 

          4, 

          2, 

          4, 

          3, 

          7, 

          3, 

          3, 

          6, 

          6, 

          5

        ], 

        "subscriptions": [

          0, 

          1, 

          2, 

          3, 

          4, 

          5, 

          6, 

          7, 

          8, 

          9, 

          10, 

          11, 

          12, 

          13, 

          14, 

          15, 

          16, 

          17, 

          18, 

          19

        ]

      }