{
        "error_rate": 0.01, 
        "lambdas": [
          1.0, 
          2.0, 
          3.0, 
          2.0, 
          3.0, 
          1.0, 
          2.0, 
          1.0, 
          2.0, 
          1.0, 
          1.0, 
          1.0, 
          0.0, 
          2.0, 
          0.0, 
          0.4, 
          0.6000000000000001, 
          0.2, 
          0.4, 
          0.4
        ], 
        "mus": [
          13.072578958376909, 
          21.25127507650459, 
          573.394495412844, 
          51.35579293344289, 
          16.382699868938403, 
          355.1136363636364, 
          189.3939393939394, 
          217.77003484320556, 
          155.86034912718205, 
          25.762572135201978, 
          62.25099601593625, 
          36.59250585480094, 
          44.515669515669515, 
          72.4217844727694, 
          24.25300737291424, 
          37.49250149970006, 
          19.160024524831393, 
          7.8834510595358225, 
          2.0216723273491835, 
          5.861389852761887
        ], 
        "prio_probs": [
          1.0, 
          1.0, 
          1.0
        ], 
        "priorities": [
          2, 
          2, 
          2, 
          1, 
          1, 
          0, 
          2, 
          1, 
          2, 
          1, 
          2, 
          2, 
          2, 
          2, 
          2, 
          2, 
          1, 
          1, 
          0, 
          0
        ], 
        "subscriptions": [
          1, 
          3, 
          4, 
          5, 
          7, 
          9, 
          16, 
          17, 
          18, 
          19
        ]
      }